{
  "baseline_vs_drt_raw_encoder": 0.9452335834503174,
  "baseline_vs_drt_concat_subs": 0.8297433257102966,
  "drt_raw_vs_drt_concat": 0.8359034657478333,
  "per_slot_vs_baseline": {
    "slot_0": 0.5636695623397827,
    "slot_1": 0.562892735004425,
    "slot_2": 0.5742464065551758,
    "slot_3": 0.5677634477615356,
    "slot_4": 0.5640124678611755,
    "slot_5": 0.5740348100662231
  },
  "per_slot_vs_drt_raw": {
    "slot_0": 0.568333625793457,
    "slot_1": 0.5691513419151306,
    "slot_2": 0.5770076513290405,
    "slot_3": 0.5720402002334595,
    "slot_4": 0.5705994963645935,
    "slot_5": 0.5748114585876465
  }
}