{
  "per_slot": {
    "slot_0": {
      "factoid": {
        "acc": 0.7593123209169055,
        "majority": 0.7168099331423113
      },
      "has_entity": {
        "acc": 0.9703915950334289,
        "majority": 0.9703915950334289
      },
      "length_bucket": {
        "acc": 0.6232091690544412,
        "majority": 0.4923591212989494
      }
    },
    "slot_1": {
      "factoid": {
        "acc": 0.7607449856733525,
        "majority": 0.7168099331423113
      },
      "has_entity": {
        "acc": 0.9703915950334289,
        "majority": 0.9703915950334289
      },
      "length_bucket": {
        "acc": 0.6394460362941738,
        "majority": 0.4923591212989494
      }
    },
    "slot_2": {
      "factoid": {
        "acc": 0.7693409742120344,
        "majority": 0.7168099331423113
      },
      "has_entity": {
        "acc": 0.9703915950334289,
        "majority": 0.9703915950334289
      },
      "length_bucket": {
        "acc": 0.6423113658070678,
        "majority": 0.4923591212989494
      }
    },
    "slot_3": {
      "factoid": {
        "acc": 0.774116523400191,
        "majority": 0.7168099331423113
      },
      "has_entity": {
        "acc": 0.9703915950334289,
        "majority": 0.9703915950334289
      },
      "length_bucket": {
        "acc": 0.6423113658070678,
        "majority": 0.4923591212989494
      }
    },
    "slot_4": {
      "factoid": {
        "acc": 0.7736389684813754,
        "majority": 0.7168099331423113
      },
      "has_entity": {
        "acc": 0.9703915950334289,
        "majority": 0.9703915950334289
      },
      "length_bucket": {
        "acc": 0.6380133715377269,
        "majority": 0.4923591212989494
      }
    },
    "slot_5": {
      "factoid": {
        "acc": 0.7607449856733525,
        "majority": 0.7168099331423113
      },
      "has_entity": {
        "acc": 0.9703915950334289,
        "majority": 0.9703915950334289
      },
      "length_bucket": {
        "acc": 0.60792741165234,
        "majority": 0.4923591212989494
      }
    }
  },
  "concat_baseline": {
    "factoid": {
      "acc": 0.8127984718242598,
      "majority": 0.7168099331423113
    },
    "has_entity": {
      "acc": 0.9708691499522445,
      "majority": 0.9703915950334289
    },
    "length_bucket": {
      "acc": 0.6914995224450812,
      "majority": 0.4923591212989494
    }
  }
}