{
  "cosine_baseline": {
    "MRR@10": 0.32778471369445583,
    "nDCG@10": 0.3884014487835875,
    "Recall@100": 0.8599570200573066
  },
  "drt_learned_alphas": {
    "MRR@10": 0.3074698685586938,
    "nDCG@10": 0.36476793504295457,
    "Recall@100": 0.8312320916905445
  },
  "drt_uniform_alphas": {
    "MRR@10": 0.30760892800291084,
    "nDCG@10": 0.3649945881283792,
    "Recall@100": 0.8313753581661891
  },
  "drt_slot_0": {
    "MRR@10": 0.26114090144176105,
    "nDCG@10": 0.30928223016804046,
    "Recall@100": 0.7306948424068768
  },
  "drt_slot_1": {
    "MRR@10": 0.25767089643880475,
    "nDCG@10": 0.30603750774417066,
    "Recall@100": 0.7292024832855779
  },
  "drt_slot_2": {
    "MRR@10": 0.2611062218583709,
    "nDCG@10": 0.31030851434122025,
    "Recall@100": 0.7298710601719197
  },
  "drt_slot_3": {
    "MRR@10": 0.26113987810979217,
    "nDCG@10": 0.31003711529125383,
    "Recall@100": 0.727865329512894
  },
  "drt_slot_4": {
    "MRR@10": 0.25612907627234277,
    "nDCG@10": 0.3063184217654944,
    "Recall@100": 0.728844317096466
  },
  "drt_slot_5": {
    "MRR@10": 0.2607797789602947,
    "nDCG@10": 0.31014940126115875,
    "Recall@100": 0.7344317096466093
  },
  "drt_concat_cosine": {
    "MRR@10": 0.3076147268840678,
    "nDCG@10": 0.3650280756422677,
    "Recall@100": 0.8313753581661891
  },
  "drt_top2_alphas": {
    "MRR@10": 0.28687588120252877,
    "nDCG@10": 0.3416855124873027,
    "Recall@100": 0.790150429799427
  }
}